Category,Age Group
15-19,18-24
18,18-24
18-29,18-24
20-24,18-24
25-29,25-29
25-30,25-29
30-34,30-39
30-35,30-39
30-39,30-39
35,30-39
35-39,30-39
35-40,30-39
40-44,40-49
40-45,40-49
40-49,40-49
45-49,40-49
45-50,40-49
50+,50-59
50-54,50-59
55-59,50-59
60-64,60-69
65-69,60-69
70-74,70-79
75-79,70-79
CORPC,Other
CORPF,Other
CORPM,Other
F,Other
F+ALL,Other
F+ALLWINNER,Other
F01-19,18-24
F0-18,18-24
F10-16,Other
F10-18,18-24
F12-15,Other
F12-18,18-24
F14-15,Other
F14-16,Other
F14-17,Other
F14-19,18-24
F14-20,18-24
F14-24,18-24
F15,Other
F15-17,Other
F15-18,18-24
F15-19,18-24
F15-19AGSUPERSPRINT,18-24
F15-29,25-29
F16,Other
F16-17,Other
F16-18,18-24
F16-19,18-24
F16-19AG,18-24
F16-19AGSPRINT,18-24
F16-24,18-24
F16-29,25-29
F17,Other
F17-18,18-24
F17-19,18-24
F17-20,18-24
F17-24,18-24
F17-39,30-39
F18,18-24
F18+,18-24
F18-19,18-24
F18-19AG,18-24
F18-20,18-24
F18-22,18-24
F18-23,18-24
F18-24,18-24
F18-29,18-24
F18-30,18-24
F18-34,18-24
F18-39,18-24
F18-49,18-24
F18-50,18-24
F19,18-24
F19-23,18-24
F19-29,18-24
F19-39,18-24
F19UND,18-24
F20,18-24
F20-22,18-24
F20-24,18-24
F20-24AG,18-24
F20-24AGSPRINT,18-24
F20-24AGSUPERSPRINT,18-24
F20-25,18-24
F20-29,18-24
F20-34,18-24
F20-39,18-24
F21-30,18-24
F21-39,18-24
F23,18-24
F23-29,18-24
F23-34,18-24
F23-39,18-24
F24,18-24
F24-,18-24
F24-29,18-24
F24-34,18-24
F24-39,18-24
F25,25-29
F25-29,25-29
F25-29AG,25-29
F25-29AGSPRINT,25-29
F25-29AGSUPERSPRINT,25-29
F25-29F,25-29
F25-30,25-29
F25-34,25-29
F25-39,25-29
F29,25-29
F30,30-39
F30+,30-39
F30-34,30-39
F30-34-34,30-39
F30-34AG,30-39
F30-34AGSPRINT,30-39
F30-34AGSUPERSPRINT,30-39
F30-34F,30-39
F30-35,30-39
F30-39,30-39
F30-40,30-39
F30-41,30-39
F30-42,30-39
F30-43,30-39
F30-44,30-39
F30-49,30-39
F31-40,30-39
F35,30-39
F35+,30-39
F35-39,30-39
F35-39AG,30-39
F35-39AGSPRINT,30-39
F35-39AGSUPERSPRINT,30-39
F35-39F,30-39
F35-40,30-39
F35-41,30-39
F35-42,30-39
F35-44,30-39
F35-49,30-39
F35-59,30-39
F40,40-49
F40+,40-49
F40-44,40-49
F40-44AG,40-49
F40-44AGSPRINT,40-49
F40-44AGSUPERSPRINT,40-49
F40-44F,40-49
F40-45,40-49
F40-46,40-49
F40-49,40-49
F40-50,40-49
F40-51,40-49
F40-52,40-49
F40-53,40-49
F40-54,40-49
F40AVIAC,40-49
F41-50,40-49
F44,40-49
F45,40-49
F45+,40-49
F45-49,40-49
F45-49AG,40-49
F45-49F,40-49
F45-50,40-49
F45-54,40-49
F50,50-59
F50+,50-59
F50-53,50-59
F50-54,50-59
F50-54AG,50-59
F50-54AGSUPERSPRINT,50-59
F50-54F,50-59
F50-55,50-59
F50-59,50-59
F51+,50-59
F55,50-59
F55+,50-59
F55-59,50-59
F55-59AG,50-59
F55-59AGSPRINT,50-59
F55-59F,50-59
F55-60,50-59
F55-64,50-59
F60,60-69
F60+,60-69
F60-6,60-69
F60-64,60-69
F60-64AG,60-69
F60-65,60-69
F60-69,60-69
F60-99,60-69
F65,60-69
F65+,60-69
F65-69,60-69
F65-69AG,60-69
F65-70,60-69
F65-99,60-69
F70,70-79
F70+,70-79
F70-74,70-79
F70-74AG,70-79
F70-79,70-79
F75+,70-79
F75-79,70-79
F75-79AG,70-79
F7-9,Other
F80-84,80-89
F85-89,80-89
F90-94,90-99
FA,Other
FABS,Other
FAGFPRO,Other
FAGFU23,18-24
FALL,Other
FAMAT,Other
FATH,Other
FATHENAS,Other
FATH-O,Other
FATH-U,Other
FAWAD,Other
FAWADBLIND,Other
FAWADHANDCYCLE,Other
FAWADLOWEREXTREMITYBELOWKNEE,Other
FAWADOTHER,Other
FAWADPC1,Other
FAWADPC2,Other
FAWADPC3,Other
FAWADPC4,Other
FAWADPC5,Other
FAWADPC6,Other
FAWADUPPEREXTREMITYBELOWELBOW,Other
FAWADWHEELCHAIR,Other
FBLACK,Other
FBLUE,Other
FCEO,Other
FCF18-24,18-24
FCITYCHAMPIONSHIP,Other
FCLY,Other
FCLYDESDALE,Other
FCLYDESDALE40+,40-49
FCLYDESDALEU39,30-39
FCOL,Other
FCOUPLES,Other
FELI,Other
FELI1,Other
FELTE,Other
FFINALBJUNIOR,Other
FFINALBPRO,Other
FFINALBYOUTH,Other
FFINALJUNIOR,Other
FFINALSTE1,Other
FFINALSTE2,Other
FFINALSTE3,Other
FFINALYOUTH,Other
FFPROINALSTE1,Other
FFPROINALSTE2,Other
FFPROINALSTE3,Other
FINAL,Other
FINALBMPROEN,Other
FITNESS,Other
FJUN,Other
FJUN16-19,18-24
FJUN19-23,18-24
FJUNIOR,Other
FJUNIORA,Other
FJUNIORB,Other
FKUNTOSARJA,Other
FLEGENDS,Other
FMASTERS1,Other
FMASTERS2,Other
FMASTERS3,Other
FMASTERSV1,Other
FMASTERSV2,Other
FMASTERSV3,Other
FMASTERSV4,Other
FMASTERSV5,Other
FMATES,Other
FNKNOWN,Other
FOPEN,Other
FOPEN50-54,50-59
FOPEN60-64,60-69
FPARA,Other
FPARATHLETE,Other
FPARATRIAHLON40-49,40-49
FPC,Other
FPREMIUMMATES,Other
FPRO,Other
FPRO30-34,30-39
FPRO35-39,30-39
FPROANDU23,18-24
FPRODISTANCE,Other
FPROILIPINOPRO,Other
FPROSEMIFINAL1,Other
FPROSEMIFINAL2,Other
FPT1,Other
FPT1OPEN,Other
FPT2,Other
FPT3,Other
FPT3OPEN,Other
FPT4,Other
FPT5,Other
FPT50-59,50-59
FPT5OPEN,Other
FPT91CLEVELAND,90-99
FPTS2,Other
FPTS3,Other
FPTS4,Other
FPTS5,Other
FPTTRI-1,Other
FPTTRI-2,Other
FPTTRI-3,Other
FPTTRI-4,Other
FPTTRI-5,Other
FPTTRI-6,Other
FPTTRI-6A,Other
FPTTRI-6B,Other
FPTVI,Other
FPTWC,Other
FPTWCOPEN,Other
FPYB,Other
FQUALIFIER1PRO,Other
FQUALIFIER2PRO,Other
FRELAY,Other
FRELAYCOED,Other
FREPECHE1PRO,Other
F-RLY,Other
FSEMIFINAL1JUNIOR,Other
FSEMIFINAL1PRO,Other
FSEMIFINAL1YOUTH,Other
FSEMIFINAL2JUNIOR,Other
FSEMIFINAL2PRO,Other
FSEMIFINAL2YOUTH,Other
FSEMIFINAL3JUNIOR,Other
FSEMIFINAL3PRO,Other
FSEMIFINAL3YOUTH,Other
FSEMIFINAL4PRO,Other
FSENIOR,Other
FSENIOR1,Other
FSENIOR2,Other
FSENIOR3,Other
FSENIOR4,Other
FST,Other
FSUB23,18-24
FTBC,Other
FTEAM,Other
FTIMETRIALQUALIFIERJUNIOR,Other
FTIMETRIALQUALIFIERYOUTH,Other
FTOP3,Other
FU13,Other
FU15,Other
FU17,Other
FU19,18-24
FU21,18-24
FU23,18-24
FU6,Other
FUNDER23,18-24
FUNDER24,18-24
FVETERANS1,Other
FWHITE,Other
FX-RLY,Other
FXTRI,Other
FY,Other
FYELLOW,Other
FYOUTH,Other
FМТВ,Other
FПАРААТЛЕТ,Other
FУОР,Other
FШ,Other
K18-29,18-24
K30-34,30-39
K30-39,30-39
K35-39,30-39
K40-44,40-49
K40-49,40-49
K45-49,40-49
K50-59,50-59
K60-69,60-69
M,Other
M-,Other
M+65,60-69
M+ALL,Other
M+ALLWINNER,Other
M0,Other
M0-18,18-24
M0-44,40-49
M10-14,Other
M10-16,Other
M12-14,Other
M12-15,Other
M12-18,18-24
M14-15,Other
M14-16,Other
M14-17,Other
M14-19,18-24
M14-24,18-24
M15,Other
M15-16,Other
M15-17,Other
M15-18,18-24
M15-19,18-24
M15-19AGSUPERSPRINT,18-24
M15-29,25-29
M16,Other
M16-17,Other
M16-18,18-24
M16-19,18-24
M16-19AG,18-24
M16-19AGSPRINT,18-24
M16-22,18-24
M16-24,18-24
M16-29,25-29
M17,Other
M17-18,18-24
M17-19,18-24
M17-20,18-24
M17-24,18-24
M17-39,30-39
M18,18-24
M18+,18-24
M18-19,18-24
M18-19AG,18-24
M18-20,18-24
M18-22,18-24
M18-23,18-24
M18-24,18-24
M18-25,18-24
M18-29,18-24
M18-34,18-24
M18-39,18-24
M18-44,18-24
M18-50,18-24
M18-99,18-24
M19,18-24
M19-23,18-24
M19-24,18-24
M19-29,18-24
M19-39,18-24
M19UND,18-24
M20,18-24
M-20,18-24
M20-22,18-24
M20-24,18-24
M20-24AG,18-24
M20-24AGSPRINT,18-24
M20-24AGSUPERSPRINT,18-24
M20-25,18-24
M20-29,18-24
M20-34,18-24
M20-39,18-24
M21-30,18-24
M21-39,18-24
M23,18-24
M23-29,18-24
M23-34,18-24
M23-39,18-24
M24,18-24
M24-,18-24
M24-29,18-24
M24-34,18-24
M24-39,18-24
M25,25-29
M25-29,25-29
M25-29AG,25-29
M25-29AGSPRINT,25-29
M25-29AGSUPERSPRINT,25-29
M25-30,25-29
M25-31,25-29
M25-32,25-29
M25-33,25-29
M25-34,25-29
M25-35,25-29
M25-36,25-29
M25-38,25-29
M25-39,25-29
M25-40,25-29
M25-41,25-29
M29,25-29
M30,30-39
M30-34,30-39
M30-34AG,30-39
M30-34AGSPRINT,30-39
M30-34AGSUPERSPRINT,30-39
M30-35,30-39
M30-36,30-39
M30-37,30-39
M30-39,30-39
M30-40,30-39
M30-42,30-39
M30-43,30-39
M30-44,30-39
M31-40,30-39
M35,30-39
M35-39,30-39
M35-39AG,30-39
M35-39AGSPRINT,30-39
M35-39AGSUPERSPRINT,30-39
M35-40,30-39
M35-41,30-39
M35-42,30-39
M35-43,30-39
M35-44,30-39
M35-45,30-39
M35-46,30-39
M35-47,30-39
M35-48,30-39
M35-49,30-39
M35-50,30-39
M35-52,30-39
M35-53,30-39
M35-54,30-39
M35-56,30-39
M35-59,30-39
M35-60,30-39
M35-61,30-39
M35-62,30-39
M35-63,30-39
M35-64,30-39
M35-65,30-39
M35-66,30-39
M4,Other
M40,40-49
M40+,40-49
M40-44,40-49
M40-44AG,40-49
M40-44AGSPRINT,40-49
M40-44AGSUPERSPRINT,40-49
M40-45,40-49
M40-46,40-49
M40-47,40-49
M40-48,40-49
M40-49,40-49
M40-50,40-49
M40-51,40-49
M40-52,40-49
M40-53,40-49
M40-54,40-49
M40-55,40-49
M40-56,40-49
M40-57,40-49
M40-58,40-49
M40-59,40-49
M40-60,40-49
M40-62,40-49
M40-63,40-49
M40-64,40-49
M40-65,40-49
M40-68,40-49
M40-70,40-49
M41-50,40-49
M45,40-49
M45+,40-49
M45-49,40-49
M45-49AG,40-49
M45-49AGSPRINT,40-49
M45-49AGSUPERSPRINT,40-49
M45-50,40-49
M45-51,40-49
M45-53,40-49
M45-54,40-49
M45-55,40-49
M45-57,40-49
M45-59,40-49
M5,Other
M50,50-59
M50+,50-59
M50-53,50-59
M50-54,50-59
M50-54AG,50-59
M50-54AGSPRINT,50-59
M50-54AGSUPERSPRINT,50-59
M50-55,50-59
M50-56,50-59
M50-57,50-59
M50-58,50-59
M50-59,50-59
M50-60,50-59
M50-61,50-59
M50-62,50-59
M50AVIAC,50-59
M51+,50-59
M54,50-59
M54-59,50-59
M55,50-59
M55+,50-59
M55-59,50-59
M55-59AG,50-59
M55-59AGSPRINT,50-59
M55-59AGSUPERSPRINT,50-59
M55-60,50-59
M55-64,50-59
M60,60-69
M60+,60-69
M60-+,60-69
M60-64,60-69
M60-64AG,60-69
M60-64AGSUPERSPRINT,60-69
M60-65,60-69
M60-66,60-69
M60-67,60-69
M60-69,60-69
M60-99,60-69
M60ЛЕ,60-69
M65,60-69
M65+,60-69
M65-59,50-59
M65-69,60-69
M65-69AG,60-69
M65-70,60-69
M65-99,60-69
M70,70-79
M70-,70-79
M70+,70-79
M70+M,70-79
M70-74,70-79
M70-74AG,70-79
M70-75,70-79
M70-79,70-79
M70-99,70-79
M75,70-79
M75+,70-79
M75-59,50-59
M75-79,70-79
M75-79AG,70-79
M75-80,70-79
M75-99,70-79
M7-9,Other
M80,80-89
M80+,80-89
M80-84,80-89
M80-84AG,80-89
M80-99,80-89
M85-89,80-89
M85-89AG,80-89
M9,Other
M90+,90-99
M90-94,90-99
MA,Other
MAARSSENBROEK,Other
MABS,Other
MAGMPRO,Other
MAGMU23,18-24
MALE,Other
MALL,Other
MALMERE,Other
MAMAT,Other
MAQUABIKE,Other
MASTER,Other
MASTERSV1,Other
MASTERSV2,Other
MASTERSV3,Other
MASTERSV4,Other
MASTERSV5,Other
MAWAD,Other
MAWADBLIND,Other
MAWADDOUBLEAMPUTEEBELOWKNEE,Other
MAWADHANDCYCLE,Other
MAWADLOWEREXTREMITY+KNEE,Other
MAWADLOWEREXTREMITYBELOWKNEE,Other
MAWADOTHER,Other
MAWADPC1,Other
MAWADPC2,Other
MAWADPC3,Other
MAWADPC4,Other
MAWADPC5,Other
MAWADPC6,Other
MAWADUPPEREXTREMITY+ELBOW,Other
MAWADUPPEREXTREMITYBELOWELBOW,Other
MAWADWHEELCHAIR1,Other
MAWADWHEELCHAIR2,Other
MBLACK,Other
MBLUE,Other
MCADET,Other
MCD-100+,Other
MCD-90-99,90-99
MCEO,Other
MCITYCHAMPIONSHIP,Other
MCLY,Other
MCLYDESDALE,Other
MCLYDESDALE40+,40-49
MCLYDESDALES,Other
MCLYDESDALEU39,30-39
MCLY-O,Other
MCLY-U,Other
MCM18-24,18-24
MCM25-29,25-29
MCOL,Other
MCOUPLES,Other
MDA,Other
ME,Other
MELI,Other
MELI1,Other
MEX,Other
MFINAL,Other
MFINALBFPROO,Other
MFINALBJUNIOR,Other
MFINALBPRO,Other
MFINALBYOUTH,Other
MFINALCPRO,Other
MFINALJUNIOR,Other
MFINALSTE1,Other
MFINALSTE2,Other
MFINALSTE3,Other
MFINALYOUTH,Other
MFIR,Other
MFPROINALSTE1,Other
MFPROINALSTE2,Other
MFPROINALSTE3,Other
MFPROO,Other
MFPROOFINALSTAGE1,Other
MFPROOFINALSTAGE2,Other
MFPROOFINALSTAGE3,Other
MFPROOHEAT1,Other
MFPROOHEAT1STAGE1,Other
MFPROOHEAT1STAGE2,Other
MFPROOHEAT2,Other
MFPROOHEAT2STAGE1,Other
MFPROOHEAT2STAGE2,Other
MFPROOREPECHAGE1STAGE1,Other
MFPROOREPECHAGE1STAGE2,Other
MFPROOSEMIFINAL1,Other
MFPROOSEMIFINAL2,Other
MGUIDE,Other
MHANDCYCLE,Other
MHERREN,Other
MILITARY,Other
MINMEMORY,Other
MIXED,Other
MJU,Other
MJUN,Other
MJUN16-19,18-24
MJUN19-23,18-24
MJUNIOR,Other
MJUNIORA,Other
MJUNIORB,Other
MJUNIOREN18+19,18-24
MKUNTOSARJA,Other
MLEGENDS,Other
ML-Z,Other
MM80,80-89
MMASTERS1,Other
MMASTERS2,Other
MMASTERS3,Other
MMASTERS4,Other
MMASTERS5,Other
MMASTERS6,Other
MMATES,Other
MNKNOWN,Other
MNOAGE,Other
MNONELIGIBLEPT,Other
MOPEN,Other
MOPEN25-29,25-29
MOPEN30-34,30-39
MOPEN35-39,30-39
MOPEN40-44,40-49
MOPEN45-49,40-49
MOPEN50-54,50-59
MOPEN70-74,70-79
MOUDALBLAS,Other
MP4,Other
MPARA,Other
MPARAATHLETE,Other
MPARATHLETE,Other
MPARATRI,Other
MPARATRIATHLETE,Other
MPC,Other
MPREMIUMMATES,Other
MPRO,Other
MPRO1,Other
MPRO25-29,25-29
MPRO30-34,30-39
MPRO35-39,30-39
MPRO40-44,40-49
MPROANDU23,18-24
MPRODISTANCE,Other
MPROEN,Other
MPROENFINALSTAGE1,Other
MPROENFINALSTAGE2,Other
MPROENFINALSTAGE3,Other
MPROENHEAT1,Other
MPROENHEAT1STAGE1,Other
MPROENHEAT1STAGE2,Other
MPROENHEAT2,Other
MPROENHEAT2STAGE1,Other
MPROENHEAT2STAGE2,Other
MPROENHEAT3,Other
MPROENHEAT3STAGE1,Other
MPROENHEAT3STAGE2,Other
MPROENREPECHAGE1STAGE1,Other
MPROENREPECHAGE1STAGE2,Other
MPROENREPECHAGE2STAGE1,Other
MPROENREPECHAGE2STAGE2,Other
MPROENSEMIFINAL1,Other
MPROENSEMIFINAL2,Other
MPROENSEMIFINAL3,Other
MPROSEMIFINAL1,Other
MPROSEMIFINAL2,Other
MPROSEMIFINAL3,Other
MPSL-Z,Other
MPT1,Other
MPT1OPEN,Other
MPT2,Other
MPT2OPEN,Other
MPT3,Other
MPT3OPEN,Other
MPT4,Other
MPT40-49,40-49
MPT4OPEN,Other
MPT5,Other
MPT5OPEN,Other
MPT91CLEVELAND,90-99
MPT92CLEVELAND,90-99
MPT93CLEVELAND,90-99
MPT94CLEVELAND,90-99
MPT95CLEVELAND,90-99
MPT96CLEVELAND,90-99
MPTS2,Other
MPTS2OPEN,Other
MPTS3,Other
MPTS3OPEN,Other
MPTS4,Other
MPTS4OPEN,Other
MPTS5,Other
MPTS5OPEN,Other
MPTTRI-1,Other
MPTTRI-2,Other
MPTTRI-3,Other
MPTTRI-4,Other
MPTTRI-5,Other
MPTTRI-6,Other
MPTTRI-6A,Other
MPTTRI-6B,Other
MPTVI,Other
MPTVIOPEN,Other
MPTWC,Other
MPTWCOPEN,Other
MPYB,Other
MQUALIFIER1FPROO,Other
MQUALIFIER1MPROEN,Other
MQUALIFIER1PRO,Other
MQUALIFIER2FPROO,Other
MQUALIFIER2MPROEN,Other
MQUALIFIER2PRO,Other
MQUALIFIER3FPROO,Other
MQUALIFIER3MPROEN,Other
MQUALIFIER3PRO,Other
MQUALIFIER4FPROO,Other
MQUALIFIER4MPROEN,Other
MQUALIFIER5MPROEN,Other
MQUALIFIER6MPROEN,Other
MRELAY,Other
M-RELAY,Other
MRELAYCOED,Other
MREPECHAGE1FPROO,Other
MREPECHAGE1MPROEN,Other
MREPECHAGE2FPROO,Other
MREPECHAGE2MPROEN,Other
MREPECHAGE3MPROEN,Other
MREPECHAGE4MPROEN,Other
MREPECHE1PRO,Other
MREPECHE2PRO,Other
M-RLY,Other
MS50+,50-59
MSEMIFINAL1FPROO,Other
MSEMIFINAL1JUNIOR,Other
MSEMIFINAL1MPROEN,Other
MSEMIFINAL1PRO,Other
MSEMIFINAL1YOUTH,Other
MSEMIFINAL2FPROO,Other
MSEMIFINAL2JUNIOR,Other
MSEMIFINAL2MPROEN,Other
MSEMIFINAL2PRO,Other
MSEMIFINAL2YOUTH,Other
MSEMIFINAL3FPROO,Other
MSEMIFINAL3JUNIOR,Other
MSEMIFINAL3MPROEN,Other
MSEMIFINAL3PRO,Other
MSEMIFINAL3YOUTH,Other
MSEMIFINAL4JUNIOR,Other
MSEMIFINAL4PRO,Other
MSENIOR,Other
MSENIOR1,Other
MSENIOR2,Other
MSENIOR3,Other
MSENIOR4,Other
MST,Other
MSUB23,18-24
MT,Other
MTBC,Other
MTEAM,Other
MTIMETRIALQUALIFIERJUNIOR,Other
MTIMETRIALQUALIFIERYOUTH,Other
MTOP3,Other
MU13,Other
MU15,Other
MU17,Other
MU19,18-24
MU21,18-24
MU23,18-24
M-U23,18-24
MU6,Other
MUNDER20,18-24
MUNDER23,18-24
MUNDER24,18-24
MVETERANS1,Other
MVETERANS2,Other
MWHITE,Other
MX-RLY,Other
MXTRI,Other
MY,Other
MYELLOW,Other
MYOUTH,Other
MZWAAG,Other
MМТВ,Other
MПАРААТЛЕТ,Other
MПАРААТЛЕТ16-29,25-29
MПАРААТЛЕТ30-34,30-39
MПАРААТЛЕТ35-39,30-39
MПАРААТЛЕТ40-44,40-49
MПАРААТЛЕТ55-59,50-59
MУОР,Other
MШ,Other
NOAGE,Other
PARATHLETE,Other
PC,Other
PT3,Other
PT4,Other
PT5,Other
PTVI,Other
RELAY,Other
TCOED,Other
TPARA,Other
U,Other
YM16,Other
YM18,18-24
YW16,Other
YW18,18-24
ПАРААТЛЕТ,Other
